ID,FirstName,LastName,Age,City,Email,Active
1657,José,Martínez,56,Zaragoza,user987@example.com,false
5400,Miguel,Sánchez,36,Murcia,user190@example.com,true
9100,Juan,Martínez,32,Barcelona,user737@example.com,true
4988,Ana,García,22,Madrid,user212@example.com,true
2976,Miguel,García,69,Málaga,user73@example.com,true
4477,Luis,González,30,Murcia,user290@example.com,true
2542,Miguel,García,21,Zaragoza,user864@example.com,true
8289,María,Sánchez,27,Zaragoza,user859@example.com,true
2503,Luis,López,59,Valencia,user695@example.com,true
766,José,Rodríguez,59,Barcelona,user502@example.com,false
6826,Juan,González,64,Valencia,user806@example.com,false
3333,Laura,Pérez,54,Sevilla,user921@example.com,false
2051,Carlos,Rodríguez,21,Málaga,user129@example.com,false
9513,María,Martínez,29,Murcia,user459@example.com,true
9546,Luis,López,53,Valencia,user640@example.com,false
6233,José,García,21,Sevilla,user522@example.com,true
388,Juan,García,35,Barcelona,user594@example.com,false
8263,Carmen,Pérez,64,Málaga,user870@example.com,false
9372,José,Pérez,69,Madrid,user184@example.com,true
7061,María,Martínez,55,Málaga,user883@example.com,true
771,Carlos,López,26,Sevilla,user118@example.com,true
4587,María,Ramírez,45,Zaragoza,user363@example.com,true
1503,Ana,Rodríguez,60,Palma,user907@example.com,true
